{
    "Sum-Total-Echo": 0.18054850177755205,
    "Repeat-Open": 0.11325545962417471,
    "Open-Step-9": 0.10208227526663281,
    "Open-Step-8": 0.10182833925850686,
    "Open-Step-1": 0.0962417470797359,
    "Open-Step-2": 0.09446419502285425,
    "Repeat-Close": 0.09319451498222447,
    "Mirror/Family": 0.04418486541391569
}